token_text,count,pct_of_onsets,benchmarks,labels,mean_p,mean_q,mean_p_over_q,mean_u,mean_target_rank,mean_target_top1_prob,mean_target_top1_margin,mean_target_entropy,mean_draft_entropy,mean_kl_target_draft,mean_kl_draft_target,mean_tv_distance,mean_consecutive_accepted_length,share_strict_would_accept,share_lossy_would_accept,share_actually_accepted,share_lossy_only_accepted
But,28,8.433734939759036,"aime24,livecodebench",unproductive_repetition,0.27546919400000003,0.36304396679999995,0.81031044,0.4769367608,1.92,0.43239592000000004,0.15692684,2.0970936,2.1010884,0.7281636,0.6813756,0.3714588,3.75,0.6,0.96,0.96,0.36
Thus,25,7.530120481927711,aime24,unproductive_repetition,0.3971059123809524,0.4823819719047619,0.8797022857142858,0.45501433142857145,1.0,0.5369962857142857,0.13989033333333334,1.5484104761904764,1.7551523809523808,0.9780885714285714,0.8407766666666667,0.36386142857142856,3.52,0.7142857142857143,0.9523809523809523,0.9523809523809523,0.23809523809523808
We,25,7.530120481927711,"aime24,livecodebench",unproductive_repetition,0.3836693345833333,0.3825343520833333,1.0241005416666666,0.6311052720833333,6.041666666666667,0.47028016666666667,0.08661087499999999,1.9260287499999997,1.9248408333333333,0.5374116666666667,0.45683416666666665,0.28621583333333334,2.52,0.75,0.9583333333333334,0.9583333333333334,0.20833333333333334
 So,16,4.819277108433735,"aime24,longbench_v2",unproductive_repetition,0.5234956426666667,0.5440873079999999,0.9236164,0.5818767473333334,21.466666666666665,0.6006482,0.0771526,1.44773,1.900042,0.7586013333333333,0.6726446666666667,0.3168286666666667,3.25,0.8666666666666667,0.9333333333333333,0.9333333333333333,0.06666666666666667
 But,14,4.216867469879518,"aime24,livecodebench",unproductive_repetition,0.33729368857142855,0.33252987857142857,0.9975788571428571,0.5301113464285715,1.2142857142857142,0.4475044285714286,0.1102107857142857,2.040105714285714,2.366147857142857,0.60182,0.6154585714285714,0.3620435714285714,3.2857142857142856,0.7857142857142857,1.0,1.0,0.21428571428571427
Now,12,3.6144578313253013,aime24,unproductive_repetition,0.18896677916666668,0.22796456,0.8942629166666666,0.501213855,6.333333333333333,0.42636308333333334,0.23739624999999998,1.9947633333333332,2.0811783333333334,0.6085266666666667,0.6080916666666667,0.35873249999999995,2.4166666666666665,0.6666666666666666,0.9166666666666666,0.9166666666666666,0.25
Let,9,2.710843373493976,aime24,unproductive_repetition,0.2617320022222222,0.33193091444444445,0.7371205555555556,0.4235307911111111,4.111111111111111,0.4279536666666667,0.16622166666666666,1.9953522222222222,2.5159044444444443,1.0895133333333333,1.2375088888888888,0.4621311111111111,3.5555555555555554,0.5555555555555556,1.0,1.0,0.4444444444444444
 We,8,2.4096385542168677,aime24,unproductive_repetition,0.094300965,0.11787074374999999,1.16430425,0.66812533625,7.0,0.259545,0.165244,2.685705,2.67116375,0.68620375,0.7113674999999999,0.39756375,2.625,0.5,0.875,0.875,0.375
Compute,7,2.108433734939759,aime24,unproductive_repetition,0.2639682,0.2988796714285714,0.7141368571428571,0.5562273400000001,19.142857142857142,0.49407285714285715,0.23010457142857144,1.8737057142857143,2.192082857142857,1.1570957142857143,1.1136785714285715,0.47121,2.857142857142857,0.42857142857142855,0.8571428571428571,0.8571428571428571,0.42857142857142855
Let's,7,2.108433734939759,"aime24,livecodebench,mtbench","necessary_repetition,unproductive_repetition",0.05031247800000001,0.147846054,0.40856139999999996,0.43141027200000004,6.0,0.4551168,0.4048044,2.14781,2.6989539999999996,0.8516359999999998,0.8622720000000001,0.373002,2.4285714285714284,0.4,0.8,0.8,0.4
 the,6,1.8072289156626506,"aime24,longbench_v2",unproductive_repetition,0.31887281,0.38779811999999997,0.9860276000000001,0.544109316,0.6,0.5685906000000001,0.24971759999999996,1.77195,2.361192,0.754304,0.8069939999999999,0.356204,3.0,1.0,1.0,1.0,0.0
Similarly,5,1.5060240963855422,aime24,unproductive_repetition,0.157635286,0.149150976,0.9589328,0.8411970139999999,40.4,0.476662,0.3190266,1.9743140000000001,2.360782,0.5119800000000001,0.51585,0.34194599999999997,1.6,0.4,0.6,0.6,0.2
 For,4,1.2048192771084338,"aime24,livecodebench",unproductive_repetition,0.193028255,0.19103912250000002,1.61222275,0.563151085,1.25,0.4535345,0.26050625,1.8149199999999999,1.926085,0.4163325,0.38182249999999995,0.23953,2.0,0.75,1.0,1.0,0.25
.,4,1.2048192771084338,aime24,unproductive_repetition,0.4909260325,0.47973952999999997,1.93882025,0.42187120499999997,0.5,0.78790375,0.29697775000000004,0.8584575,0.7951699999999999,0.856775,1.01788,0.3968975,2.75,0.75,1.0,1.0,0.25
From,4,1.2048192771084338,aime24,unproductive_repetition,0.12500551,0.1404540325,0.7944015,0.30659203749999997,4.0,0.46956125000000004,0.3445555,1.8007075000000001,2.434505,0.8577425,1.077525,0.49824999999999997,3.0,0.75,1.0,1.0,0.25
 =,3,0.9036144578313253,aime24,unproductive_repetition,0.6413780066666667,0.6738190633333333,0.6481136666666667,0.5007181900000001,13.333333333333334,0.7605546666666667,0.11917666666666667,0.6735433333333334,0.73678,0.7575066666666667,1.0003,0.23789000000000002,2.3333333333333335,0.6666666666666666,0.6666666666666666,0.6666666666666666,0.0
 t,3,0.9036144578313253,aime24,unproductive_repetition,0.48634806666666663,0.49134266666666665,0.7311626666666666,0.6240042066666667,1.6666666666666667,0.801095,0.3147466666666667,0.7329033333333334,1.86487,0.9139933333333334,1.4196799999999998,0.3647833333333333,2.6666666666666665,0.6666666666666666,0.6666666666666666,0.6666666666666666,0.0
4,3,0.9036144578313253,aime24,unproductive_repetition,0.32371766333333335,0.5986213533333333,0.3527693333333333,0.16365089,328.3333333333333,0.9837409999999999,0.6600233333333333,0.09641666666666666,0.5891066666666667,1.5602966666666667,2.131483333333333,0.37401666666666666,2.3333333333333335,0.3333333333333333,0.3333333333333333,0.3333333333333333,0.0
Define,3,0.9036144578313253,aime24,unproductive_repetition,0.21617809,0.22662737333333335,0.5721566666666668,0.13829251333333334,15.666666666666666,0.5115726666666667,0.29539466666666664,1.9545199999999998,2.105156666666667,0.3465833333333333,0.37889333333333336,0.24704,3.3333333333333335,1.0,1.0,1.0,0.0
So,3,0.9036144578313253,aime24,unproductive_repetition,0.05385955666666667,0.1888329,0.44178233333333333,0.7819403500000001,3.6666666666666665,0.5135373333333334,0.45967800000000003,1.9083266666666667,2.2578633333333333,0.7810533333333334,0.7500133333333333,0.39122666666666667,3.3333333333333335,0.0,0.6666666666666666,0.6666666666666666,0.6666666666666666
 AB,2,0.6024096385542169,aime24,unproductive_repetition,0.00444534,0.12080952,0.036796,0.1091109,16.0,0.242707,0.238262,2.46904,3.23948,2.12299,1.69504,0.53916,4.0,0.0,1.0,1.0,1.0
 M,2,0.6024096385542169,aime24,unproductive_repetition,0.0091193,0.76548606,0.011913,0.61107379,2.0,0.639312,0.630193,0.76978,1.10144,2.22059,3.51964,0.84184,4.0,0.0,0.0,0.0,0.0
 Since,2,0.6024096385542169,aime24,unproductive_repetition,0.05217224,0.042666684999999996,0.704182,0.502217135,34.5,0.3246115,0.272439,2.7250449999999997,3.1639049999999997,0.97859,0.61352,0.362375,3.5,0.5,1.0,1.0,0.5
 orientation,2,0.6024096385542169,aime24,unproductive_repetition,0.731410385,0.426790015,1.8658200000000003,0.241186075,0.0,0.7314105,0.0,1.110315,1.8711950000000002,0.863505,1.130965,0.430685,5.0,1.0,1.0,1.0,0.0
*,2,0.6024096385542169,aime24,unproductive_repetition,0.91384709,0.98104948,0.931499,0.42777261,0.0,0.913847,0.0,0.3013,0.11812,0.09028,0.07118,0.07184,6.0,1.0,1.0,1.0,0.0
0,2,0.6024096385542169,aime24,unproductive_repetition,0.8818933950000001,0.9082761699999999,0.9712,0.641145515,0.0,0.8818935,0.0,0.37134,0.57795,0.135455,0.33823000000000003,0.093235,5.5,1.0,1.0,1.0,0.0
12,2,0.6024096385542169,livecodebench,unproductive_repetition,0.379718275,0.394971845,0.5252295,0.05057927499999999,1.5,0.8762105,0.4964925,0.39942500000000003,1.251775,0.23446,0.887205,0.2154,4.5,0.5,0.5,0.5,0.0
15,2,0.6024096385542169,aime24,unproductive_repetition,0.698193505,0.6570432900000001,1.349896,0.570338385,0.5,0.7907774999999999,0.092584,0.37577,1.083695,0.703325,1.46161,0.51049,2.0,1.0,1.0,1.0,0.0
:,2,0.6024096385542169,aime24,unproductive_repetition,0.76569575,0.831613425,0.9003369999999999,0.645231035,0.0,0.7656959999999999,0.0,0.78077,0.86768,1.14303,0.5452250000000001,0.204205,2.0,1.0,1.0,1.0,0.0
?,2,0.6024096385542169,aime24,unproductive_repetition,0.39819808,0.45070827,0.911418,0.755873325,0.5,0.4711475,0.072949,1.2704849999999999,1.3887200000000002,0.09687,0.12493000000000001,0.164355,1.5,1.0,1.0,1.0,0.0
Alternatively,2,0.6024096385542169,aime24,unproductive_repetition,0.04881591,0.02523707,1.914752,0.120239375,3.5,0.3183195,0.269504,2.47889,2.93487,0.44273500000000005,0.7884,0.347995,5.5,1.0,1.0,1.0,0.0
Consider,2,0.6024096385542169,"aime24,livecodebench",unproductive_repetition,0.0065147849999999995,0.01545807,0.481081,0.70543933,21.5,0.41009700000000004,0.4035825,2.407235,2.440375,0.43028,0.34667,0.298075,3.0,0.5,1.0,1.0,0.5
However,2,0.6024096385542169,aime24,unproductive_repetition,0.013462735,0.0337304,0.4005625,0.51388437,5.5,0.577284,0.5638215,1.554675,1.8699700000000001,1.1409799999999999,0.8160149999999999,0.44628999999999996,3.0,0.0,1.0,1.0,1.0
Simpl,2,0.6024096385542169,aime24,unproductive_repetition,0.00173045,0.03460422,0.0513495,0.44082276,19.5,0.538441,0.5367105,1.85209,2.600365,0.492025,0.6472,0.360685,3.5,0.0,0.5,0.5,0.5
Spec,2,0.6024096385542169,aime24,unproductive_repetition,0.01630476,0.00408416,4.095649,0.27224864,8.5,0.513188,0.4968835,2.051085,2.2776300000000003,0.33165500000000003,0.24794500000000003,0.22757,4.0,1.0,1.0,1.0,0.0
The,2,0.6024096385542169,"livecodebench,longbench_v2",unproductive_repetition,0.18398859,0.2445091,0.752482,0.51882261,2.0,0.389504,0.205515,1.93765,2.37182,1.34864,0.79935,0.37044,5.5,1.0,1.0,1.0,0.0
This,2,0.6024096385542169,livecodebench,unproductive_repetition,0.320335555,0.26216339499999997,1.8069935,0.648276805,0.0,0.32033599999999995,0.0,2.08631,2.28796,0.53028,0.54116,0.39608,1.5,1.0,1.0,1.0,0.0
d,2,0.6024096385542169,aime24,unproductive_repetition,0.05834384,0.033514955,0.887913,0.271561425,33.5,0.6436885,0.585345,1.29621,3.148475,1.7809300000000001,2.561385,0.7371099999999999,1.0,0.5,0.5,0.5,0.0
" """,1,0.30120481927710846,aime24,unproductive_repetition,0.65069401,0.3633686,1.790727,0.91183925,0.0,0.650694,0.0,1.50171,1.9063,0.88452,0.70113,0.38781,5.0,1.0,1.0,1.0,0.0
 (,1,0.30120481927710846,aime24,unproductive_repetition,0.00166151,0.00306411,0.542248,0.2025688,21.0,0.46069,0.459028,2.00875,2.95548,1.21386,1.38482,0.49058,5.0,1.0,1.0,1.0,0.0
 /,1,0.30120481927710846,aime24,unproductive_repetition,,,,,,,,,,,,,6.0,,,,
 =>,1,0.30120481927710846,aime24,unproductive_repetition,0.75871974,0.83446783,0.909226,0.41747275,0.0,0.75872,0.0,1.10696,0.68758,0.25017,0.09221,0.10675,3.0,1.0,1.0,1.0,0.0
 After,1,0.30120481927710846,livecodebench,unproductive_repetition,0.03442792,0.22509375,0.152949,0.85065663,5.0,0.370135,0.335707,2.19195,2.20571,0.88265,0.79537,0.55461,2.0,0.0,0.0,0.0,0.0
 Because,1,0.30120481927710846,mtbench,unproductive_repetition,0.00889923,0.05736565,0.155132,0.0516971,16.0,0.333941,0.325042,2.86888,2.93192,0.57665,0.58951,0.43866,2.0,1.0,1.0,1.0,0.0
 D,1,0.30120481927710846,aime24,unproductive_repetition,0.35996982,0.95788914,0.375795,0.06626712,0.0,0.35997,0.0,1.59127,0.33683,3.06193,0.98817,0.62143,6.0,1.0,1.0,1.0,0.0
 Dist,1,0.30120481927710846,aime24,unproductive_repetition,0.00014701,0.01188379,0.012371,0.55390722,62.0,0.22036,0.220213,2.46751,3.38356,1.04006,1.57877,0.60371,1.0,0.0,0.0,0.0,0.0
 If,1,0.30120481927710846,aime24,unproductive_repetition,0.07829212,0.08324745,0.940475,0.59633982,1.0,0.578505,0.500213,1.96728,2.74064,0.26956,0.42216,0.2919,1.0,1.0,1.0,1.0,0.0
 In,1,0.30120481927710846,aime24,unproductive_repetition,0.00312562,0.00414024,0.754937,0.13095708,9.0,0.674947,0.671821,1.2642,2.40194,0.50256,0.57062,0.45309,2.0,1.0,1.0,1.0,0.0
 L,1,0.30120481927710846,aime24,unproductive_repetition,0.85768354,0.84621608,1.013551,0.2411319,0.0,0.857684,0.0,0.47852,0.82157,0.05591,0.16563,0.05523,1.0,1.0,1.0,1.0,0.0
 Let's,1,0.30120481927710846,livecodebench,unproductive_repetition,1.15e-06,0.00075091,0.001538,0.17482033,295.0,0.767029,0.767028,1.07083,1.67804,0.27844,0.4178,0.30616,1.0,0.0,0.0,0.0,0.0
 Number,1,0.30120481927710846,aime24,unproductive_repetition,0.39114317,0.19178711,2.039465,0.58769655,0.0,0.391143,0.0,2.18231,2.97304,0.4033,0.50773,0.34312,3.0,1.0,1.0,1.0,0.0
 Option,1,0.30120481927710846,longbench_v2,unproductive_repetition,0.12763114,0.43188298,0.295523,0.25378841,1.0,0.144625,0.016994,2.72593,2.37057,1.44111,1.1293,0.61563,2.0,1.0,1.0,1.0,0.0
 The,1,0.30120481927710846,aime24,unproductive_repetition,0.03672057,0.11869066,0.30938,0.35347474,3.0,0.506912,0.470191,1.71273,1.80274,0.16376,0.18238,0.17995,3.0,0.0,1.0,1.0,1.0
 There,1,0.30120481927710846,aime24,unproductive_repetition,3.993e-05,0.00591379,0.006751,0.28178743,137.0,0.251955,0.251915,2.46487,3.4019,0.58847,0.78986,0.40073,5.0,0.0,0.0,0.0,0.0
 They,1,0.30120481927710846,aime24,unproductive_repetition,1.81e-06,9.672e-05,0.018718,0.74709618,342.0,0.706856,0.706855,1.39613,3.76249,1.39964,2.58431,0.70668,1.0,0.0,0.0,0.0,0.0
 Thus,1,0.30120481927710846,aime24,unproductive_repetition,0.00183998,0.00731395,0.251572,0.2130871,20.0,0.450229,0.448389,1.79863,1.18957,1.40325,0.79257,0.57477,6.0,1.0,1.0,1.0,0.0
 Wait,1,0.30120481927710846,aime24,unproductive_repetition,0.45967948,0.1552497,2.960904,0.36592159,0.0,0.459679,0.0,1.86076,2.25468,0.33152,0.33752,0.33944,1.0,1.0,1.0,1.0,0.0
 With,1,0.30120481927710846,aime24,unproductive_repetition,0.06342419,0.50289083,0.126119,0.78733975,4.0,0.322095,0.25867,2.34504,2.18738,1.12381,1.12972,0.58113,5.0,0.0,0.0,0.0,0.0
 actual,1,0.30120481927710846,aime24,unproductive_repetition,0.00093932,0.00062857,1.494372,0.11563483,53.0,0.215919,0.21498,3.00363,3.99981,1.08526,1.12042,0.55498,3.0,1.0,1.0,1.0,0.0
 algebra,1,0.30120481927710846,aime24,unproductive_repetition,0.08043415,0.16254912,0.49483,0.51521951,1.0,0.673467,0.593033,1.52203,2.96225,0.49086,0.99672,0.4261,2.0,0.0,1.0,1.0,1.0
 and,1,0.30120481927710846,livecodebench,unproductive_repetition,0.0216413,0.9793011,0.022099,0.22172771,3.0,0.812084,0.790442,0.83729,0.15925,6.27372,3.75811,0.96944,5.0,0.0,0.0,0.0,0.0
 angle,1,0.30120481927710846,aime24,unproductive_repetition,0.95893574,0.99027187,0.968356,0.18753767,0.0,0.958936,0.0,0.20571,0.07624,0.04868,0.02995,0.03457,1.0,1.0,1.0,1.0,0.0
 any,1,0.30120481927710846,aime24,unproductive_repetition,0.05780141,0.04236099,1.364496,0.20285109,3.0,0.427098,0.369296,2.0841,3.12732,0.85791,1.08947,0.47795,3.0,1.0,1.0,1.0,0.0
 b,1,0.30120481927710846,aime24,unproductive_repetition,0.18660204,0.20049863,0.93069,0.33880848,0.0,0.186602,0.0,3.12864,3.37912,1.41916,1.63303,0.53491,2.0,1.0,1.0,1.0,0.0
 blue,1,0.30120481927710846,aime24,unproductive_repetition,,,,,,,,,,,,,6.0,,,,
 but,1,0.30120481927710846,aime24,unproductive_repetition,0.85388809,0.67682791,1.261603,0.65522325,0.0,0.853888,0.0,0.90872,1.82402,0.19672,0.38421,0.21671,4.0,1.0,1.0,1.0,0.0
 can,1,0.30120481927710846,aime24,unproductive_repetition,0.82370752,0.51580334,1.596941,0.21726885,0.0,0.823708,0.0,0.84934,1.97635,0.31985,0.58455,0.32182,6.0,1.0,1.0,1.0,0.0
 column,1,0.30120481927710846,aime24,unproductive_repetition,0.0110594,0.67475194,0.01639,0.55754083,2.0,0.878557,0.867497,0.44579,1.65413,1.83735,3.45279,0.83398,2.0,0.0,0.0,0.0,0.0
 each,1,0.30120481927710846,aime24,unproductive_repetition,0.05307913,0.39958903,0.132834,0.60191303,4.0,0.346119,0.29304,2.43324,2.19296,3.05609,1.44075,0.66261,2.0,0.0,1.0,1.0,1.0
 extra,1,0.30120481927710846,aime24,unproductive_repetition,0.02918596,0.08872177,0.328961,0.30381656,5.0,0.550699,0.521513,2.07488,4.08305,2.18671,2.24065,0.71073,6.0,1.0,1.0,1.0,0.0
 has,1,0.30120481927710846,aime24,unproductive_repetition,0.33539099,0.58523005,0.573093,0.97467339,1.0,0.487991,0.1526,1.42934,1.53095,0.31265,0.31927,0.33874,5.0,0.0,1.0,1.0,1.0
 i,1,0.30120481927710846,aime24,unproductive_repetition,0.34614986,0.03286619,10.532094,0.01545986,0.0,0.34615,0.0,2.45544,3.20244,1.25626,1.43228,0.60572,3.0,1.0,1.0,1.0,0.0
 if,1,0.30120481927710846,aime24,unproductive_repetition,0.02005895,0.26214075,0.07652,0.03365656,7.0,0.517327,0.497268,2.45826,3.128,1.04374,1.14112,0.57326,4.0,1.0,1.0,1.0,0.0
 in,1,0.30120481927710846,aime24,unproductive_repetition,0.66289884,0.67952818,0.975528,0.42573357,0.0,0.662899,0.0,1.03595,1.04564,0.09845,0.09584,0.05464,1.0,1.0,1.0,1.0,0.0
 k,1,0.30120481927710846,aime24,unproductive_repetition,,,,,,,,,,,,,6.0,,,,
 leave,1,0.30120481927710846,aime24,unproductive_repetition,0.02095386,0.06090343,0.344051,0.25829649,8.0,0.371416,0.350462,2.45731,2.78964,0.24957,0.28836,0.2375,2.0,1.0,1.0,1.0,0.0
 lines,1,0.30120481927710846,aime24,unproductive_repetition,0.36315209,0.79340482,0.457713,0.55587626,1.0,0.411505,0.048353,1.59759,1.22475,1.38079,0.98117,0.56632,2.0,0.0,1.0,1.0,1.0
 may,1,0.30120481927710846,aime24,unproductive_repetition,0.1634333,0.17606267,0.928268,0.38832158,1.0,0.305334,0.1419,2.45558,2.96318,3.70387,1.32121,0.56368,1.0,1.0,1.0,1.0,0.0
 n,1,0.30120481927710846,aime24,unproductive_repetition,0.29154614,0.29465687,0.989443,0.26389378,0.0,0.291546,0.0,2.36513,1.56489,1.46781,1.3518,0.49571,5.0,1.0,1.0,1.0,0.0
 orth,1,0.30120481927710846,aime24,unproductive_repetition,0.00271714,0.00550297,0.493758,0.91004366,22.0,0.753387,0.75067,1.53602,2.08454,0.36728,0.38565,0.23726,3.0,0.0,1.0,1.0,1.0
 p,1,0.30120481927710846,aime24,unproductive_repetition,5.5e-07,0.00106675,0.000517,0.53358167,477.0,0.751596,0.751596,1.14891,3.30466,2.87592,4.31073,0.86765,4.0,0.0,0.0,0.0,0.0
 parallel,1,0.30120481927710846,aime24,unproductive_repetition,0.86675352,0.81176925,1.067734,0.87999362,0.0,0.866754,0.0,0.59308,1.07191,0.09953,0.23936,0.09966,3.0,1.0,1.0,1.0,0.0
 row,1,0.30120481927710846,aime24,unproductive_repetition,0.68403667,0.6332587,1.080185,0.67007232,0.0,0.684037,0.0,0.83925,1.08054,0.05357,0.09626,0.06454,1.0,1.0,1.0,1.0,0.0
 segments,1,0.30120481927710846,aime24,unproductive_repetition,0.05290902,0.07464927,0.708768,0.66144097,1.0,0.937835,0.884926,0.27975,0.41872,0.02742,0.04286,0.03514,2.0,1.0,1.0,1.0,0.0
 shift,1,0.30120481927710846,aime24,unproductive_repetition,5.6e-07,0.00192933,0.00029,0.72946537,167.0,0.631525,0.631525,0.80193,2.75526,1.43427,3.28753,0.71385,5.0,0.0,0.0,0.0,0.0
 solutions,1,0.30120481927710846,aime24,unproductive_repetition,0.02106884,0.16497208,0.127712,0.93371946,6.0,0.543372,0.522304,2.02892,4.20379,3.65585,2.48446,0.74068,5.0,0.0,0.0,0.0,0.0
 sum,1,0.30120481927710846,livecodebench,unproductive_repetition,0.03598835,0.43450457,0.082826,0.79694128,1.0,0.928152,0.892164,0.41803,1.8279,0.82503,1.46036,0.59666,2.0,0.0,0.0,0.0,0.0
 there,1,0.30120481927710846,aime24,unproductive_repetition,0.10742787,0.1536012,0.699395,0.46340719,1.0,0.257706,0.150278,2.96341,3.06657,0.74302,0.66042,0.44602,5.0,1.0,1.0,1.0,0.0
 to,1,0.30120481927710846,aime24,unproductive_repetition,0.99894971,0.99901736,0.999932,0.26208597,0.0,0.99895,0.0,0.01308,0.01024,0.00204,0.00177,0.00076,6.0,1.0,1.0,1.0,0.0
 using,1,0.30120481927710846,aime24,unproductive_repetition,0.02892247,0.121239,0.238558,0.26763356,2.0,0.845239,0.816316,0.8696,4.47413,2.98677,3.8306,0.84922,6.0,0.0,1.0,1.0,1.0
 we,1,0.30120481927710846,aime24,unproductive_repetition,0.72029257,0.55735207,1.292348,0.60464424,0.0,0.720293,0.0,1.43305,2.24637,0.23224,0.35029,0.24556,3.0,1.0,1.0,1.0,0.0
 with,1,0.30120481927710846,aime24,unproductive_repetition,0.01038398,0.02949663,0.35204,0.83586138,10.0,0.441538,0.431154,1.99639,2.67694,0.44439,0.55611,0.28416,1.0,0.0,1.0,1.0,1.0
 λ,1,0.30120481927710846,aime24,unproductive_repetition,0.00055248,0.86019772,0.000642,0.33729911,1.0,0.998901,0.998349,0.01088,1.02196,7.63511,7.38322,0.99847,0.0,0.0,0.0,0.0,0.0
 “,1,0.30120481927710846,mtbench,unproductive_repetition,0.59950083,0.79459751,0.754471,0.6846264,0.0,0.599501,0.0,2.6905,1.4671,0.45291,0.22323,0.24877,2.0,1.0,1.0,1.0,0.0
/,1,0.30120481927710846,aime24,unproductive_repetition,0.70423377,0.94298542,0.746813,0.96511,0.0,0.704234,0.0,0.62304,0.26249,0.33376,0.2303,0.24741,4.0,0.0,1.0,1.0,1.0
1,1,0.30120481927710846,aime24,unproductive_repetition,0.99998391,0.99958628,1.000398,0.72618723,0.0,0.999984,0.0,0.00022,0.00397,0.00036,0.00104,0.0004,3.0,1.0,1.0,1.0,0.0
100,1,0.30120481927710846,aime24,unproductive_repetition,0.99998438,0.93870944,1.065276,0.49833575,0.0,0.999984,0.0,0.00023,0.35462,0.06313,0.48474,0.06128,4.0,1.0,1.0,1.0,0.0
120,1,0.30120481927710846,aime24,unproductive_repetition,0.9999969,0.99373478,1.006302,0.25956991,0.0,0.999997,0.0,5e-05,0.05476,0.00627,0.0499,0.00626,6.0,1.0,1.0,1.0,0.0
121,1,0.30120481927710846,aime24,unproductive_repetition,0.99999869,0.99944216,1.000557,0.88744342,0.0,0.999999,0.0,2e-05,0.00645,0.00055,0.00522,0.00056,3.0,1.0,1.0,1.0,0.0
217,1,0.30120481927710846,aime24,unproductive_repetition,1.8e-07,0.01838366,1e-05,0.44956714,512.0,0.992454,0.992454,0.06666,3.65107,1.2231,5.84008,0.70635,2.0,0.0,0.0,0.0,0.0
3,1,0.30120481927710846,aime24,unproductive_repetition,0.99994326,0.99999535,0.999948,0.98804653,0.0,0.999943,0.0,0.00065,7e-05,0.00026,6e-05,6e-05,1.0,1.0,1.0,1.0,0.0
368,1,0.30120481927710846,aime24,unproductive_repetition,0.00591034,0.92084765,0.006418,0.55077076,1.0,0.993967,0.988057,0.03773,0.29882,16.69569,5.63453,0.99407,5.0,0.0,0.0,0.0,0.0
386,1,0.30120481927710846,aime24,unproductive_repetition,0.99099612,0.98435217,1.00675,0.60201269,0.0,0.990996,0.0,0.07106,0.15167,0.0301,0.04212,0.01325,6.0,1.0,1.0,1.0,0.0
484,1,0.30120481927710846,aime24,unproductive_repetition,0.9999876,0.86744279,1.152799,0.01017387,0.0,0.999988,0.0,0.00019,0.95219,0.14209,1.34686,0.13254,6.0,1.0,1.0,1.0,0.0
495,1,0.30120481927710846,aime24,unproductive_repetition,7.2e-07,0.00418536,0.000173,0.62647098,214.0,0.987604,0.987604,0.08894,4.48751,2.65392,6.8233,0.92297,4.0,0.0,0.0,0.0,0.0
6,1,0.30120481927710846,aime24,unproductive_repetition,0.00460484,0.8205229,0.005612,0.72996175,1.0,0.99437,0.989765,0.03907,0.65686,2.89854,4.75994,0.9421,4.0,0.0,0.0,0.0,0.0
8,1,0.30120481927710846,aime24,unproductive_repetition,0.99998426,0.99980932,1.000175,0.30096835,0.0,0.999984,0.0,0.00024,0.00218,0.00017,0.00066,0.00018,2.0,1.0,1.0,1.0,0.0
866,1,0.30120481927710846,aime24,unproductive_repetition,0.99999833,0.97883272,1.021623,0.55413502,0.0,0.999998,0.0,3e-05,0.18119,0.02138,0.25337,0.02117,6.0,1.0,1.0,1.0,0.0
9,1,0.30120481927710846,aime24,unproductive_repetition,1.3e-07,0.15425898,1e-06,0.63163626,19.0,0.999866,0.999866,0.00157,1.48908,0.61881,5.04152,0.46151,0.0,0.0,0.0,0.0,0.0
;,1,0.30120481927710846,aime24,unproductive_repetition,0.26732489,0.07906034,3.381277,0.80350178,1.0,0.343252,0.075927,2.21029,2.79314,0.7299,0.77055,0.39431,3.0,1.0,1.0,1.0,0.0
Also,1,0.30120481927710846,aime24,unproductive_repetition,0.01250248,0.01102393,1.134122,0.16472526,8.0,0.414025,0.401523,1.98395,2.0091,0.15961,0.16534,0.23173,2.0,1.0,1.0,1.0,0.0
Alternate,1,0.30120481927710846,aime24,unproductive_repetition,0.23877987,0.2094676,1.139937,0.76104188,1.0,0.270573,0.031793,2.48519,2.41561,0.2548,0.22658,0.24149,1.0,1.0,1.0,1.0,0.0
At,1,0.30120481927710846,aime24,unproductive_repetition,0.14171161,0.05386278,2.630974,0.01972415,3.0,0.206189,0.064478,2.50767,2.46502,0.54808,0.47028,0.44478,2.0,1.0,1.0,1.0,0.0
Because,1,0.30120481927710846,aime24,unproductive_repetition,0.00040343,0.00231127,0.174548,0.13561028,45.0,0.344551,0.344148,2.03611,2.5493,0.59236,0.67961,0.37111,3.0,1.0,1.0,1.0,0.0
Better,1,0.30120481927710846,aime24,unproductive_repetition,0.0208931,0.01849695,1.129543,0.34860274,8.0,0.326823,0.30593,2.35401,2.13525,0.17076,0.14934,0.18939,2.0,1.0,1.0,1.0,0.0
Check,1,0.30120481927710846,aime24,unproductive_repetition,0.02517574,0.06378875,0.394674,0.56916028,5.0,0.446251,0.421075,1.76241,2.02381,0.32345,0.36704,0.36345,6.0,0.0,1.0,1.0,1.0
Edge,1,0.30120481927710846,livecodebench,unproductive_repetition,0.26600641,0.54279178,0.490071,0.20727214,0.0,0.266006,0.0,2.47629,1.99719,0.72261,0.51467,0.46024,3.0,1.0,1.0,1.0,0.0
First,1,0.30120481927710846,aime24,unproductive_repetition,2.375e-05,0.00021674,0.109597,0.08531059,214.0,0.263093,0.263069,2.67094,2.60533,0.74313,0.5967,0.47277,2.0,1.0,1.0,1.0,0.0
For,1,0.30120481927710846,aime24,unproductive_repetition,0.80683666,0.70937896,1.137385,0.87859148,0.0,0.806837,0.0,0.90029,1.42053,0.36314,0.37814,0.19989,3.0,1.0,1.0,1.0,0.0
Given,1,0.30120481927710846,aime24,unproductive_repetition,0.01260121,0.01190902,1.058123,0.90436602,10.0,0.417295,0.404694,2.22923,3.06892,1.03384,0.73285,0.41651,1.0,1.0,1.0,1.0,0.0
Hence,1,0.30120481927710846,aime24,unproductive_repetition,0.0837753,0.09185644,0.912024,0.33020547,2.0,0.482094,0.398318,2.15558,2.00002,0.1105,0.09402,0.13211,4.0,1.0,1.0,1.0,0.0
If,1,0.30120481927710846,aime24,unproductive_repetition,0.08946823,0.31922963,0.280263,0.20540747,2.0,0.275582,0.186113,2.58513,2.89078,2.82511,1.14792,0.62333,2.0,1.0,1.0,1.0,0.0
In,1,0.30120481927710846,aime24,unproductive_repetition,0.0005771,0.00112543,0.512778,0.26278651,32.0,0.408607,0.40803,2.1075,2.29241,0.28001,0.33539,0.23041,5.0,1.0,1.0,1.0,0.0
Number,1,0.30120481927710846,aime24,unproductive_repetition,0.00029317,0.01654261,0.017722,0.96686095,56.0,0.412809,0.412516,2.14698,3.19716,1.72309,1.99749,0.6651,3.0,0.0,0.0,0.0,0.0
Observe,1,0.30120481927710846,aime24,unproductive_repetition,0.01325516,0.20747031,0.063889,0.83804578,12.0,0.266237,0.252982,2.58105,2.50603,1.40929,1.27077,0.52223,4.0,0.0,0.0,0.0,0.0
Proof,1,0.30120481927710846,livecodebench,unproductive_repetition,0.00206344,0.04013232,0.051416,0.88703907,29.0,0.504908,0.502844,2.05815,3.66586,1.39366,1.36934,0.5919,2.0,0.0,0.0,0.0,0.0
R,1,0.30120481927710846,aime24,unproductive_repetition,0.29792586,0.44626492,0.667599,0.204852,0.0,0.297926,0.0,2.28131,2.34403,1.11314,0.61294,0.33779,2.0,1.0,1.0,1.0,0.0
Segment,1,0.30120481927710846,aime24,unproductive_repetition,0.04107089,0.29452607,0.139447,0.78645205,8.0,0.162439,0.121368,2.9941,3.07814,2.32833,1.66235,0.68398,4.0,0.0,0.0,0.0,0.0
Since,1,0.30120481927710846,aime24,unproductive_repetition,0.00014527,0.00017627,0.824128,0.33140799,58.0,0.556045,0.5559,1.58686,2.04386,0.18087,0.25043,0.1918,1.0,1.0,1.0,1.0,0.0
Testing,1,0.30120481927710846,livecodebench,unproductive_repetition,0.01141692,0.01278073,0.893292,0.1876151,10.0,0.70634,0.694923,1.66581,2.31549,0.16355,0.24921,0.20879,5.0,1.0,1.0,1.0,0.0
Therefore,1,0.30120481927710846,aime24,unproductive_repetition,0.00234669,0.01784451,0.131508,0.17415088,38.0,0.27124,0.268894,3.00783,2.63792,0.59751,0.51684,0.34953,1.0,0.0,1.0,1.0,1.0
Thomas,1,0.30120481927710846,mtbench,unproductive_repetition,0.99997914,0.99891615,1.001064,0.3542895,0.0,0.999979,0.0,0.00027,0.01069,0.001,0.00505,0.00106,4.0,1.0,1.0,1.0,0.0
Try,1,0.30120481927710846,aime24,unproductive_repetition,0.07235033,0.12752099,0.56736,0.03409328,5.0,0.252527,0.180177,2.35394,2.64668,1.28902,1.17973,0.4616,3.0,1.0,1.0,1.0,0.0
Using,1,0.30120481927710846,aime24,unproductive_repetition,0.0094221,0.2159133,0.043638,0.52431148,9.0,0.453982,0.44456,1.91574,3.2942,1.61039,2.29706,0.73808,2.0,0.0,0.0,0.0,0.0
Wait,1,0.30120481927710846,aime24,unproductive_repetition,0.07911383,0.04718996,1.676497,0.37716216,4.0,0.276134,0.197021,2.61307,2.52987,0.08542,0.09147,0.15483,1.0,1.0,1.0,1.0,0.0
Which,1,0.30120481927710846,longbench_v2,unproductive_repetition,0.01611625,0.13046065,0.123533,0.1162947,3.0,0.879918,0.863801,0.65097,1.6294,0.41912,1.14987,0.33962,3.0,1.0,1.0,1.0,0.0
You,1,0.30120481927710846,mtbench,unproductive_repetition,0.13415101,0.1867656,0.718285,0.78532267,1.0,0.681275,0.547124,1.27105,3.69097,4.8772,3.27578,0.79239,5.0,0.0,1.0,1.0,1.0
_B,1,0.30120481927710846,aime24,unproductive_repetition,0.99992049,0.99734962,1.002578,0.40099484,0.0,0.99992,0.0,0.00093,0.02644,0.00265,0.01853,0.0026,1.0,1.0,1.0,1.0,0.0
analysis,1,0.30120481927710846,longbench_v2,unproductive_repetition,0.99999976,0.99799526,1.002009,0.31944576,0.0,1.0,0.0,0.0,0.0188,0.00201,0.03596,0.002,1.0,1.0,1.0,1.0,0.0
h,1,0.30120481927710846,aime24,unproductive_repetition,0.80286896,0.84947687,0.945133,0.32117447,0.0,0.802869,0.0,0.74093,0.91402,0.14108,0.31941,0.1116,1.0,1.0,1.0,1.0,0.0
i,1,0.30120481927710846,aime24,unproductive_repetition,0.05196628,0.21043786,0.246944,0.16852294,6.0,0.263907,0.21194,2.49108,3.39399,2.11802,2.91433,0.76263,3.0,1.0,1.0,1.0,0.0
k,1,0.30120481927710846,aime24,unproductive_repetition,0.01045867,0.09045442,0.115624,0.79543316,2.0,0.941459,0.931001,0.32445,2.10799,0.68986,1.49796,0.5363,4.0,0.0,0.0,0.0,0.0
x,1,0.30120481927710846,aime24,unproductive_repetition,0.03156231,0.00750364,4.206264,0.24130702,4.0,0.339327,0.307764,1.71973,2.13332,0.33897,0.55088,0.308,4.0,1.0,1.0,1.0,0.0
|,1,0.30120481927710846,aime24,unproductive_repetition,1.0,0.99997759,1.000022,0.11620001,0.0,1.0,0.0,0.0,0.0003,2e-05,0.00019,2e-05,5.0,1.0,1.0,1.0,0.0
},1,0.30120481927710846,aime24,unproductive_repetition,0.99362296,0.70225263,1.414908,0.73175019,0.0,0.993623,0.0,0.04799,1.17046,0.32988,1.44741,0.29146,1.0,1.0,1.0,1.0,0.0
